,model,params,score,train_time,test_time
0,Jose's Dumb Classifier,none,9.524,2.303999281139113e-06,0.1874823070011189
1,Linear Regression,True,38.095,0.03779185299936216,0.18173820199990587
2,Linear Regression,False,38.095,0.020008505000078003,0.17863001600017014
3,AdaBoost Regressor,"(100, 0.001, 'linear')",47.619,7.460297669000283,0.3157437320005556
4,AdaBoost Regressor,"(100, 0.001, 'square')",47.619,7.335897630000545,0.2785440830011794
5,AdaBoost Regressor,"(100, 0.001, 'exponential')",47.619,7.312517303000277,0.27909468800135073
6,AdaBoost Regressor,"(100, 0.01, 'linear')",47.619,7.224011542000881,0.2782178050001676
7,AdaBoost Regressor,"(100, 0.01, 'square')",47.619,7.189841014000194,0.2784618599998794
8,AdaBoost Regressor,"(100, 0.01, 'exponential')",47.619,7.247835701999065,0.28455749899876537
9,AdaBoost Regressor,"(100, 0.1, 'linear')",47.619,5.728021656999772,0.2575653389994841
10,AdaBoost Regressor,"(100, 0.1, 'square')",42.857,2.4248158619993774,0.20110181600102806
11,AdaBoost Regressor,"(100, 0.1, 'exponential')",47.619,7.124083706999954,0.28013672699853487
12,AdaBoost Regressor,"(100, 1, 'linear')",42.857,0.855206973001259,0.17607629499980249
13,AdaBoost Regressor,"(100, 1, 'square')",47.619,0.35759415899883606,0.17099276299995836
14,AdaBoost Regressor,"(100, 1, 'exponential')",42.857,0.8531078979995073,0.1762965460002306
15,AdaBoost Regressor,"(200, 0.001, 'linear')",47.619,14.550264957000763,0.3912016369995399
16,AdaBoost Regressor,"(200, 0.001, 'square')",47.619,14.555350611999529,0.3909580459985591
17,AdaBoost Regressor,"(200, 0.001, 'exponential')",47.619,14.653786991999368,0.5041580400011298
18,AdaBoost Regressor,"(200, 0.01, 'linear')",47.619,14.8879883110003,0.472464217000379
19,AdaBoost Regressor,"(200, 0.01, 'square')",52.381,14.969049682000332,0.4499391680001281
20,AdaBoost Regressor,"(200, 0.01, 'exponential')",47.619,14.849830217999624,0.3935438959997555
21,AdaBoost Regressor,"(200, 0.1, 'linear')",47.619,5.883063351999226,0.2951804849999462
22,AdaBoost Regressor,"(200, 0.1, 'square')",42.857,2.4971040899999934,0.20302652600003057
23,AdaBoost Regressor,"(200, 0.1, 'exponential')",47.619,9.400634108000304,0.31938121099847194
24,AdaBoost Regressor,"(200, 1, 'linear')",42.857,0.8410340969985555,0.1824684180010081
25,AdaBoost Regressor,"(200, 1, 'square')",19.048,0.35388941499877546,0.1722935210000287
26,AdaBoost Regressor,"(200, 1, 'exponential')",42.857,0.8540295410002727,0.17789681600152107
27,AdaBoost Regressor,"(300, 0.001, 'linear')",47.619,21.766275473999485,0.5161000160005642
28,AdaBoost Regressor,"(300, 0.001, 'square')",47.619,22.719583833000797,0.6314774610000313
29,AdaBoost Regressor,"(300, 0.001, 'exponential')",47.619,23.270822898000915,0.5118338609991042
30,AdaBoost Regressor,"(300, 0.01, 'linear')",47.619,21.285580535999543,0.5041820440001175
31,AdaBoost Regressor,"(300, 0.01, 'square')",52.381,21.307209798000258,0.5111758019993431
32,AdaBoost Regressor,"(300, 0.01, 'exponential')",52.381,21.87382260800041,0.5483786400000099
33,AdaBoost Regressor,"(300, 0.1, 'linear')",47.619,5.685428894999859,0.2592681789992639
34,AdaBoost Regressor,"(300, 0.1, 'square')",42.857,2.425803572999939,0.21534677499948884
35,AdaBoost Regressor,"(300, 0.1, 'exponential')",47.619,9.396782472000268,0.3156028150006023
36,AdaBoost Regressor,"(300, 1, 'linear')",42.857,0.850921778999691,0.17685410500052967
37,AdaBoost Regressor,"(300, 1, 'square')",14.286,0.3634066559989151,0.170740442999886
38,AdaBoost Regressor,"(300, 1, 'exponential')",42.857,0.8513440989991068,0.17688129299858701
39,Bagging Regressor (DT),"(100, 10, 20, True, True)",33.333,0.25358415899972897,0.2935799470014899
40,Bagging Regressor (DT),"(100, 10, 20, True, False)",38.095,0.2509032109992404,0.28789578400028404
41,Bagging Regressor (DT),"(100, 10, 20, False, True)",42.857,0.24403355899994494,0.2961478859997442
42,Bagging Regressor (DT),"(100, 10, 20, False, False)",38.095,0.23926699000003282,0.2870377819999703
43,Bagging Regressor (DT),"(100, 10, 50, True, True)",47.619,0.4989313799997035,0.290832546999809
44,Bagging Regressor (DT),"(100, 10, 50, True, False)",33.333,0.4849586679993081,0.2966194880009425
45,Bagging Regressor (DT),"(100, 10, 50, False, True)",47.619,0.4978301780010952,0.2922590990001481
46,Bagging Regressor (DT),"(100, 10, 50, False, False)",33.333,0.4951792669999122,0.29584212400004617
47,Bagging Regressor (DT),"(100, 10, 60, True, True)",38.095,0.5660038580008404,0.2963987669991184
48,Bagging Regressor (DT),"(100, 10, 60, True, False)",33.333,0.5169294450006419,0.29628790599963395
49,Bagging Regressor (DT),"(100, 10, 60, False, True)",38.095,0.5068823929996142,0.2960727859990584
50,Bagging Regressor (DT),"(100, 10, 60, False, False)",42.857,0.5120645850001893,0.3076877000003151
51,Bagging Regressor (DT),"(100, 20, 20, True, True)",42.857,0.21033301500028756,0.2925039990004734
52,Bagging Regressor (DT),"(100, 20, 20, True, False)",42.857,0.20849398000063957,0.2979546879996633
53,Bagging Regressor (DT),"(100, 20, 20, False, True)",42.857,0.21352642999954696,0.2881606360006117
54,Bagging Regressor (DT),"(100, 20, 20, False, False)",42.857,0.20672361700053443,0.2891973040004814
55,Bagging Regressor (DT),"(100, 20, 50, True, True)",42.857,0.48942313699990336,0.2912470840001333
56,Bagging Regressor (DT),"(100, 20, 50, True, False)",42.857,0.4887594049996551,0.29059286000119755
57,Bagging Regressor (DT),"(100, 20, 50, False, True)",38.095,0.4971840139987762,0.2915570730001491
58,Bagging Regressor (DT),"(100, 20, 50, False, False)",42.857,0.5135631309985911,0.2957824309996795
59,Bagging Regressor (DT),"(100, 20, 60, True, True)",33.333,0.5068607989996963,0.2925515550014097
60,Bagging Regressor (DT),"(100, 20, 60, True, False)",38.095,0.5154832660009561,0.30743293300110963
61,Bagging Regressor (DT),"(100, 20, 60, False, True)",33.333,0.5197590429997945,0.293405922000602
62,Bagging Regressor (DT),"(100, 20, 60, False, False)",38.095,0.5211845220001123,0.29398516199944424
63,Bagging Regressor (DT),"(100, 30, 20, True, True)",33.333,0.20787645800010068,0.2869401600000856
64,Bagging Regressor (DT),"(100, 30, 20, True, False)",52.381,0.2077148690004833,0.29066164399955596
65,Bagging Regressor (DT),"(100, 30, 20, False, True)",33.333,0.21192473599876394,0.2853219770004216
66,Bagging Regressor (DT),"(100, 30, 20, False, False)",52.381,0.2127773869997327,0.288767302999986
67,Bagging Regressor (DT),"(100, 30, 50, True, True)",42.857,0.4927668149994133,0.29926250300013635
68,Bagging Regressor (DT),"(100, 30, 50, True, False)",38.095,0.49773413500042807,0.29150632500022766
69,Bagging Regressor (DT),"(100, 30, 50, False, True)",38.095,0.49964645900035976,0.29383624700130895
70,Bagging Regressor (DT),"(100, 30, 50, False, False)",42.857,0.5030014080002729,0.28960974300025555
71,Bagging Regressor (DT),"(100, 30, 60, True, True)",38.095,0.5035398659983912,0.30102327200074797
72,Bagging Regressor (DT),"(100, 30, 60, True, False)",33.333,0.5066771260007954,0.31725040200035437
73,Bagging Regressor (DT),"(100, 30, 60, False, True)",38.095,0.5125684550002916,0.2955290469999454
74,Bagging Regressor (DT),"(100, 30, 60, False, False)",33.333,0.5229409060011676,0.3047580599995854
75,Bagging Regressor (DT),"(200, 10, 20, True, True)",33.333,0.3976195200011716,0.41033831399909104
76,Bagging Regressor (DT),"(200, 10, 20, True, False)",33.333,0.4003635499993834,0.41850200299995777
77,Bagging Regressor (DT),"(200, 10, 20, False, True)",33.333,0.40287296300084563,0.41428295300102036
78,Bagging Regressor (DT),"(200, 10, 20, False, False)",33.333,0.4019934110001486,0.41296217600029195
79,Bagging Regressor (DT),"(200, 10, 50, True, True)",61.905,0.9753336700014188,0.41694789599932847
80,Bagging Regressor (DT),"(200, 10, 50, True, False)",33.333,0.9906950650001818,0.4390754830001242
81,Bagging Regressor (DT),"(200, 10, 50, False, True)",57.143,0.9770397100000991,0.41775937099919247
82,Bagging Regressor (DT),"(200, 10, 50, False, False)",33.333,0.9756583159996808,0.4147395609998057
83,Bagging Regressor (DT),"(200, 10, 60, True, True)",33.333,1.0038490979986818,0.43147114400017017
84,Bagging Regressor (DT),"(200, 10, 60, True, False)",38.095,1.0151217610000458,0.4203656850004336
85,Bagging Regressor (DT),"(200, 10, 60, False, True)",33.333,1.003136244000416,0.41662364100011473
86,Bagging Regressor (DT),"(200, 10, 60, False, False)",38.095,1.0227851489999011,0.4208382980013994
87,Bagging Regressor (DT),"(200, 20, 20, True, True)",38.095,0.4081300409998221,0.4154922260004241
88,Bagging Regressor (DT),"(200, 20, 20, True, False)",38.095,0.4019034129996726,0.40773050600000715
89,Bagging Regressor (DT),"(200, 20, 20, False, True)",38.095,0.41747686399867234,0.42363897700124653
90,Bagging Regressor (DT),"(200, 20, 20, False, False)",38.095,0.4109639109992713,0.410427922000963
91,Bagging Regressor (DT),"(200, 20, 50, True, True)",38.095,0.9813939569994545,0.4232369020010083
92,Bagging Regressor (DT),"(200, 20, 50, True, False)",33.333,0.9922803860008571,0.4294361510001181
93,Bagging Regressor (DT),"(200, 20, 50, False, True)",38.095,0.994693394000933,0.42493344399917987
94,Bagging Regressor (DT),"(200, 20, 50, False, False)",33.333,0.9821967080006289,0.4206251390005491
95,Bagging Regressor (DT),"(200, 20, 60, True, True)",33.333,1.0277877869993972,0.418069393001133
96,Bagging Regressor (DT),"(200, 20, 60, True, False)",38.095,1.0084540440002456,0.42959574700034864
97,Bagging Regressor (DT),"(200, 20, 60, False, True)",33.333,1.0326157399995282,0.42000613500022155
98,Bagging Regressor (DT),"(200, 20, 60, False, False)",38.095,1.024526634000722,0.41927690000011353
99,Bagging Regressor (DT),"(200, 30, 20, True, True)",38.095,0.4075425520004501,0.4227305410004192
100,Bagging Regressor (DT),"(200, 30, 20, True, False)",38.095,0.41037624400087225,0.4107937079988915
101,Bagging Regressor (DT),"(200, 30, 20, False, True)",33.333,0.4763696299996809,0.4630308600007993
102,Bagging Regressor (DT),"(200, 30, 20, False, False)",38.095,0.4793971330000204,0.42013078299896733
103,Bagging Regressor (DT),"(200, 30, 50, True, True)",38.095,0.987256996000724,0.42757216799873277
104,Bagging Regressor (DT),"(200, 30, 50, True, False)",33.333,0.9830233310003678,0.4218746470014594
105,Bagging Regressor (DT),"(200, 30, 50, False, True)",38.095,0.9881261979990086,0.4148916649992316
106,Bagging Regressor (DT),"(200, 30, 50, False, False)",33.333,0.9883900719996745,0.41866390500035777
107,Bagging Regressor (DT),"(200, 30, 60, True, True)",33.333,1.0156919779983582,0.4252445530000841
108,Bagging Regressor (DT),"(200, 30, 60, True, False)",38.095,1.0385072930002934,0.43539755499841704
109,Bagging Regressor (DT),"(200, 30, 60, False, True)",33.333,1.1416458440016868,0.43058326299978944
110,Bagging Regressor (DT),"(200, 30, 60, False, False)",38.095,1.0511140960006742,0.41742150299978675
111,Bagging Regressor (DT),"(300, 10, 20, True, True)",38.095,0.6056096339998476,0.5358023329990829
112,Bagging Regressor (DT),"(300, 10, 20, True, False)",33.333,0.6943265370009613,0.5740143329985585
113,Bagging Regressor (DT),"(300, 10, 20, False, True)",38.095,0.6650222879998182,0.6186691629991401
114,Bagging Regressor (DT),"(300, 10, 20, False, False)",33.333,0.6329900310010999,0.5606485579992295
115,Bagging Regressor (DT),"(300, 10, 50, True, True)",52.381,1.4946948130000237,0.5512179369998194
116,Bagging Regressor (DT),"(300, 10, 50, True, False)",33.333,1.4843596459995752,0.5419460459997936
117,Bagging Regressor (DT),"(300, 10, 50, False, True)",42.857,1.4688402890005818,0.5450117229993339
118,Bagging Regressor (DT),"(300, 10, 50, False, False)",33.333,1.4717435510010546,0.5444720100003906
119,Bagging Regressor (DT),"(300, 10, 60, True, True)",33.333,1.505082900999696,0.5471437790001801
120,Bagging Regressor (DT),"(300, 10, 60, True, False)",33.333,1.51597515299909,0.5528296829997998
121,Bagging Regressor (DT),"(300, 10, 60, False, True)",33.333,1.500651292000839,0.5445761749997473
122,Bagging Regressor (DT),"(300, 10, 60, False, False)",33.333,1.5279794079997373,0.553931921000185
123,Bagging Regressor (DT),"(300, 20, 20, True, True)",33.333,0.6080057250001119,0.5448510919995897
124,Bagging Regressor (DT),"(300, 20, 20, True, False)",38.095,0.6112362909989315,0.5482890279999992
125,Bagging Regressor (DT),"(300, 20, 20, False, True)",33.333,0.6229924119998032,0.5305400869983714
126,Bagging Regressor (DT),"(300, 20, 20, False, False)",38.095,0.6214248910000606,0.5902344639998773
127,Bagging Regressor (DT),"(300, 20, 50, True, True)",33.333,1.5366113000000041,0.5470941250005126
128,Bagging Regressor (DT),"(300, 20, 50, True, False)",33.333,1.6040427130010357,0.6453351300006034
129,Bagging Regressor (DT),"(300, 20, 50, False, True)",33.333,1.6775135480002064,0.600124983000569
130,Bagging Regressor (DT),"(300, 20, 50, False, False)",33.333,1.6267970620010601,0.557687230000738
131,Bagging Regressor (DT),"(300, 20, 60, True, True)",33.333,1.5416799820013694,0.5521617120011797
132,Bagging Regressor (DT),"(300, 20, 60, True, False)",38.095,1.539669904999755,0.55209319000096
133,Bagging Regressor (DT),"(300, 20, 60, False, True)",33.333,1.5360573889993248,0.5520137700004852
134,Bagging Regressor (DT),"(300, 20, 60, False, False)",38.095,1.5510190260010859,0.5654280840008141
135,Bagging Regressor (DT),"(300, 30, 20, True, True)",42.857,0.6152158130007592,0.5412963600010698
136,Bagging Regressor (DT),"(300, 30, 20, True, False)",33.333,0.6119566029992711,0.5365181380002468
137,Bagging Regressor (DT),"(300, 30, 20, False, True)",42.857,0.6361921080006141,0.5309663409989298
138,Bagging Regressor (DT),"(300, 30, 20, False, False)",33.333,0.6348553699990589,0.5355608760000905
139,Bagging Regressor (DT),"(300, 30, 50, True, True)",38.095,1.4642310050003289,0.5514289540005848
140,Bagging Regressor (DT),"(300, 30, 50, True, False)",33.333,1.4669269989990426,0.5427862920005282
141,Bagging Regressor (DT),"(300, 30, 50, False, True)",38.095,1.4902546749999601,0.5442396140006167
142,Bagging Regressor (DT),"(300, 30, 50, False, False)",33.333,1.6839492239996616,0.5562078349994408
143,Bagging Regressor (DT),"(300, 30, 60, True, True)",38.095,1.5371758040000714,0.5490411329992639
144,Bagging Regressor (DT),"(300, 30, 60, True, False)",38.095,1.682348283000465,0.5755256619995635
145,Bagging Regressor (DT),"(300, 30, 60, False, True)",38.095,1.691846842000814,0.5562164090006263
146,Bagging Regressor (DT),"(300, 30, 60, False, False)",38.095,1.7373488950015599,0.65938642799847
147,Gradient Boosting Regressor,"(100, 0.001, 0.001, 5)",47.619,0.20530300499922305,0.20652780000091298
148,Gradient Boosting Regressor,"(100, 0.001, 0.001, 10)",38.095,0.21777054400081397,0.1848451589994511
149,Gradient Boosting Regressor,"(100, 0.001, 0.001, 20)",42.857,0.2256267190005019,0.19381674299984297
150,Gradient Boosting Regressor,"(100, 0.001, 0.1, 5)",42.857,1.0108446619997267,0.1798689289989852
151,Gradient Boosting Regressor,"(100, 0.001, 0.1, 10)",28.571,1.8044244409993553,0.17368550500032143
152,Gradient Boosting Regressor,"(100, 0.001, 0.1, 20)",28.571,3.0893806080002832,0.17247340100038855
153,Gradient Boosting Regressor,"(100, 0.001, 1, 5)",47.619,6.882621957998708,0.1951701050002157
154,Gradient Boosting Regressor,"(100, 0.001, 1, 10)",33.333,12.645890183001029,0.18801124200035702
155,Gradient Boosting Regressor,"(100, 0.001, 1, 20)",38.095,15.666354764000062,0.2097191950015258
156,Gradient Boosting Regressor,"(100, 0.01, 0.001, 5)",33.333,0.19867903100021067,0.1879588160009007
157,Gradient Boosting Regressor,"(100, 0.01, 0.001, 10)",52.381,0.23199954499978048,0.19867808100025286
158,Gradient Boosting Regressor,"(100, 0.01, 0.001, 20)",42.857,0.2385598589989968,0.20157554399884248
159,Gradient Boosting Regressor,"(100, 0.01, 0.1, 5)",38.095,1.1052009710001585,0.20036489199992502
160,Gradient Boosting Regressor,"(100, 0.01, 0.1, 10)",33.333,1.982528534001176,0.19474086000082025
161,Gradient Boosting Regressor,"(100, 0.01, 0.1, 20)",42.857,3.2359044380009436,0.1771252069993352
162,Gradient Boosting Regressor,"(100, 0.01, 1, 5)",52.381,6.8021744990001025,0.16932429199914623
163,Gradient Boosting Regressor,"(100, 0.01, 1, 10)",42.857,13.100518737001039,0.16987101099948632
164,Gradient Boosting Regressor,"(100, 0.01, 1, 20)",38.095,15.787235866999254,0.17699611900025047
165,Gradient Boosting Regressor,"(100, 0.1, 0.001, 5)",52.381,0.17981705399870407,0.1714666000007128
166,Gradient Boosting Regressor,"(100, 0.1, 0.001, 10)",42.857,0.20225292400027683,0.1641122170003655
167,Gradient Boosting Regressor,"(100, 0.1, 0.001, 20)",33.333,0.2045796700003848,0.16588710799987894
168,Gradient Boosting Regressor,"(100, 0.1, 0.1, 5)",33.333,0.967565487999309,0.17262747499989928
169,Gradient Boosting Regressor,"(100, 0.1, 0.1, 10)",33.333,1.846327792000011,0.17258811899955617
170,Gradient Boosting Regressor,"(100, 0.1, 0.1, 20)",14.286,3.324070855998798,0.16996643200036488
171,Gradient Boosting Regressor,"(100, 0.1, 1, 5)",28.571,6.421554100999856,0.1672123640000791
172,Gradient Boosting Regressor,"(100, 0.1, 1, 10)",52.381,12.674895600999662,0.16601752399947145
173,Gradient Boosting Regressor,"(100, 0.1, 1, 20)",28.571,19.170734837000055,0.1760798760005855
174,Gradient Boosting Regressor,"(100, 1, 0.001, 5)",0.0,0.18577681600072538,0.16440082200097095
175,Gradient Boosting Regressor,"(100, 1, 0.001, 10)",0.0,0.19408807400031947,0.16600075899987132
176,Gradient Boosting Regressor,"(100, 1, 0.001, 20)",0.0,0.19091085399850272,0.16839971099943796
177,Gradient Boosting Regressor,"(100, 1, 0.1, 5)",42.857,0.9731081139998423,0.16476310399957583
178,Gradient Boosting Regressor,"(100, 1, 0.1, 10)",23.81,1.837906867998754,0.1943753760006075
179,Gradient Boosting Regressor,"(100, 1, 0.1, 20)",23.81,3.342843348000315,0.17573739100043895
180,Gradient Boosting Regressor,"(100, 1, 1, 5)",23.81,6.480557102000603,0.1660659150002175
181,Gradient Boosting Regressor,"(100, 1, 1, 10)",38.095,12.728185792000659,0.16909962099998666
182,Gradient Boosting Regressor,"(100, 1, 1, 20)",28.571,24.009112957999605,0.17818566700043448
183,Gradient Boosting Regressor,"(200, 0.001, 0.001, 5)",38.095,0.35811121500046283,0.1664021619999403
184,Gradient Boosting Regressor,"(200, 0.001, 0.001, 10)",38.095,0.3987337389989989,0.16871806999915862
185,Gradient Boosting Regressor,"(200, 0.001, 0.001, 20)",38.095,0.4021323030010535,0.16725050899913185
186,Gradient Boosting Regressor,"(200, 0.001, 0.1, 5)",42.857,1.950921429999653,0.17023058599988872
187,Gradient Boosting Regressor,"(200, 0.001, 0.1, 10)",33.333,3.7681711400000495,0.17256424399965908
188,Gradient Boosting Regressor,"(200, 0.001, 0.1, 20)",28.571,6.3610604840014275,0.18963846500082582
189,Gradient Boosting Regressor,"(200, 0.001, 1, 5)",47.619,13.577680738999334,0.16601984199951403
190,Gradient Boosting Regressor,"(200, 0.001, 1, 10)",33.333,24.78875171800064,0.1764580590006517
191,Gradient Boosting Regressor,"(200, 0.001, 1, 20)",38.095,29.362123507000433,0.18329547599932994
192,Gradient Boosting Regressor,"(200, 0.01, 0.001, 5)",38.095,0.35717903599834244,0.16828571099904366
193,Gradient Boosting Regressor,"(200, 0.01, 0.001, 10)",38.095,0.40236291000110214,0.169921176000571
194,Gradient Boosting Regressor,"(200, 0.01, 0.001, 20)",33.333,0.4069887649984594,0.1799366849991202
195,Gradient Boosting Regressor,"(200, 0.01, 0.1, 5)",38.095,1.899227776000771,0.16622021699913603
196,Gradient Boosting Regressor,"(200, 0.01, 0.1, 10)",38.095,3.764216760999261,0.17473449299905042
197,Gradient Boosting Regressor,"(200, 0.01, 0.1, 20)",42.857,6.565824364999571,0.18401693000123487
198,Gradient Boosting Regressor,"(200, 0.01, 1, 5)",47.619,13.205963918000634,0.16789628100013942
199,Gradient Boosting Regressor,"(200, 0.01, 1, 10)",42.857,26.287472867999895,0.18246682099925238
200,Gradient Boosting Regressor,"(200, 0.01, 1, 20)",33.333,31.9593244280004,0.1988564299990685
201,Gradient Boosting Regressor,"(200, 0.1, 0.001, 5)",38.095,0.36332297700027993,0.17253606600024796
202,Gradient Boosting Regressor,"(200, 0.1, 0.001, 10)",38.095,0.40522960199996305,0.17055300799984252
203,Gradient Boosting Regressor,"(200, 0.1, 0.001, 20)",33.333,0.43780929900094634,0.18321638199995505
204,Gradient Boosting Regressor,"(200, 0.1, 0.1, 5)",38.095,1.9749793999999383,0.16868761099976837
205,Gradient Boosting Regressor,"(200, 0.1, 0.1, 10)",28.571,3.7258878570009983,0.172912173999066
206,Gradient Boosting Regressor,"(200, 0.1, 0.1, 20)",4.762,6.690616604000752,0.18650864000119327
207,Gradient Boosting Regressor,"(200, 0.1, 1, 5)",28.571,12.948439228999632,0.17769058999874687
208,Gradient Boosting Regressor,"(200, 0.1, 1, 10)",42.857,25.494513608999114,0.16915478999908373
209,Gradient Boosting Regressor,"(200, 0.1, 1, 20)",28.571,43.743849944999965,0.19023783699958585
210,Gradient Boosting Regressor,"(200, 1, 0.001, 5)",0.0,0.36613321699951484,0.17690398699960497
211,Gradient Boosting Regressor,"(200, 1, 0.001, 10)",0.0,0.39082799300012994,0.16943897099918104
212,Gradient Boosting Regressor,"(200, 1, 0.001, 20)",4.762,0.38939745699826744,0.17129037700033223
213,Gradient Boosting Regressor,"(200, 1, 0.1, 5)",23.81,1.9648068250007782,0.16713995600002818
214,Gradient Boosting Regressor,"(200, 1, 0.1, 10)",14.286,3.6706192790006753,0.16944987599890737
215,Gradient Boosting Regressor,"(200, 1, 0.1, 20)",28.571,6.707154129999253,0.176309749000211
216,Gradient Boosting Regressor,"(200, 1, 1, 5)",28.571,12.83118513899899,0.174743989999115
217,Gradient Boosting Regressor,"(200, 1, 1, 10)",38.095,25.33384592100083,0.17157527600102185
218,Gradient Boosting Regressor,"(200, 1, 1, 20)",28.571,55.583252862001245,0.19716952400085574
219,Gradient Boosting Regressor,"(300, 0.001, 0.001, 5)",38.095,0.5490442720001738,0.17546180300087144
220,Gradient Boosting Regressor,"(300, 0.001, 0.001, 10)",38.095,0.6116806070003804,0.17159267799979716
221,Gradient Boosting Regressor,"(300, 0.001, 0.001, 20)",38.095,0.6136037140004191,0.17468077000012272
222,Gradient Boosting Regressor,"(300, 0.001, 0.1, 5)",38.095,2.85043715699976,0.17422638999960327
223,Gradient Boosting Regressor,"(300, 0.001, 0.1, 10)",28.571,5.508893849000742,0.1824560429995472
224,Gradient Boosting Regressor,"(300, 0.001, 0.1, 20)",28.571,9.603239670999756,0.20528500699947472
225,Gradient Boosting Regressor,"(300, 0.001, 1, 5)",47.619,20.045739698000034,0.1727050710014737
226,Gradient Boosting Regressor,"(300, 0.001, 1, 10)",33.333,37.45239109800059,0.18838001100084512
227,Gradient Boosting Regressor,"(300, 0.001, 1, 20)",42.857,44.25099493400012,0.19865601799938304
228,Gradient Boosting Regressor,"(300, 0.01, 0.001, 5)",38.095,0.5346109539987083,0.16945205900083238
229,Gradient Boosting Regressor,"(300, 0.01, 0.001, 10)",33.333,0.603113958000904,0.17474070800017216
230,Gradient Boosting Regressor,"(300, 0.01, 0.001, 20)",33.333,0.6058022950001032,0.17464694600130315
231,Gradient Boosting Regressor,"(300, 0.01, 0.1, 5)",38.095,2.8809134910006833,0.16997485699903336
232,Gradient Boosting Regressor,"(300, 0.01, 0.1, 10)",33.333,5.338593303999005,0.18101126199871942
233,Gradient Boosting Regressor,"(300, 0.01, 0.1, 20)",38.095,9.696416358001443,0.19944025199947646
234,Gradient Boosting Regressor,"(300, 0.01, 1, 5)",42.857,19.705632297000193,0.1691138280002633
235,Gradient Boosting Regressor,"(300, 0.01, 1, 10)",42.857,39.01807153600021,0.18615625399979763
236,Gradient Boosting Regressor,"(300, 0.01, 1, 20)",42.857,49.62028699599978,0.2023383140003716
237,Gradient Boosting Regressor,"(300, 0.1, 0.001, 5)",38.095,0.5372742140007176,0.17093220300012035
238,Gradient Boosting Regressor,"(300, 0.1, 0.001, 10)",57.143,0.6068886439989001,0.1719620509993547
239,Gradient Boosting Regressor,"(300, 0.1, 0.001, 20)",38.095,0.6104122130000178,0.1727879629997915
240,Gradient Boosting Regressor,"(300, 0.1, 0.1, 5)",33.333,2.784112852999897,0.1694958370007953
241,Gradient Boosting Regressor,"(300, 0.1, 0.1, 10)",38.095,5.431238945000587,0.1875806999996712
242,Gradient Boosting Regressor,"(300, 0.1, 0.1, 20)",9.524,9.966927532999762,0.19373336900025606
243,Gradient Boosting Regressor,"(300, 0.1, 1, 5)",28.571,19.187696572000277,0.16905489500095428
244,Gradient Boosting Regressor,"(300, 0.1, 1, 10)",42.857,38.00064489500073,0.17853297799956636
245,Gradient Boosting Regressor,"(300, 0.1, 1, 20)",28.571,68.28789790799965,0.20631358299942804
246,Gradient Boosting Regressor,"(300, 1, 0.001, 5)",0.0,0.5439021060010418,0.1713155090001237
247,Gradient Boosting Regressor,"(300, 1, 0.001, 10)",0.0,0.5819734339984279,0.16972471100052644
248,Gradient Boosting Regressor,"(300, 1, 0.001, 20)",0.0,0.5893848070008971,0.17079153700069583
249,Gradient Boosting Regressor,"(300, 1, 0.1, 5)",28.571,2.8358627620000334,0.16704226899855712
250,Gradient Boosting Regressor,"(300, 1, 0.1, 10)",0.0,5.39877732199966,0.17743507500017586
251,Gradient Boosting Regressor,"(300, 1, 0.1, 20)",14.286,9.926903543000662,0.19304404800095654
252,Gradient Boosting Regressor,"(300, 1, 1, 5)",28.571,19.191887828999825,0.16882354200060945
253,Gradient Boosting Regressor,"(300, 1, 1, 10)",38.095,37.75460169299913,0.21657373500056565
254,Gradient Boosting Regressor,"(300, 1, 1, 20)",28.571,71.79535538500022,0.2138103350007441
255,Random Forest Regressor,"(100, 10, 2, 1, 'auto')",42.857,8.178509121999014,0.30047317999924417
256,Random Forest Regressor,"(100, 10, 2, 1, 'sqrt')",33.333,1.2703593109999929,0.2970580589990277
257,Random Forest Regressor,"(100, 10, 2, 1, 'log2')",33.333,1.023019545000352,0.3006977199984249
258,Random Forest Regressor,"(100, 10, 2, 3, 'auto')",42.857,7.920066914000927,0.313812145999691
259,Random Forest Regressor,"(100, 10, 2, 3, 'sqrt')",33.333,1.2401008190008724,0.2967909700000746
260,Random Forest Regressor,"(100, 10, 2, 3, 'log2')",38.095,1.019151211999997,0.29852968599880114
261,Random Forest Regressor,"(100, 10, 2, 5, 'auto')",42.857,7.862100547999944,0.29863268400004017
262,Random Forest Regressor,"(100, 10, 2, 5, 'sqrt')",38.095,1.2221652320004068,0.2963503130013123
263,Random Forest Regressor,"(100, 10, 2, 5, 'log2')",33.333,1.005149505999725,0.30566910800007463
264,Random Forest Regressor,"(100, 10, 4, 1, 'auto')",42.857,7.9413875520003785,0.31821453499833297
265,Random Forest Regressor,"(100, 10, 4, 1, 'sqrt')",33.333,1.243052001000251,0.2953173469995818
266,Random Forest Regressor,"(100, 10, 4, 1, 'log2')",38.095,1.0256729860011546,0.29933071799860045
267,Random Forest Regressor,"(100, 10, 4, 3, 'auto')",42.857,7.926468311999997,0.30220749500040256
268,Random Forest Regressor,"(100, 10, 4, 3, 'sqrt')",33.333,1.2287500969996472,0.3032453279993206
269,Random Forest Regressor,"(100, 10, 4, 3, 'log2')",38.095,1.0216514229996392,0.3011525059991982
270,Random Forest Regressor,"(100, 10, 4, 5, 'auto')",42.857,8.017355580001094,0.29501369599893223
271,Random Forest Regressor,"(100, 10, 4, 5, 'sqrt')",38.095,1.2240348239993182,0.2907994030010741
272,Random Forest Regressor,"(100, 10, 4, 5, 'log2')",33.333,0.996372595000139,0.2948285090005811
273,Random Forest Regressor,"(100, 10, 6, 1, 'auto')",38.095,7.872353539998585,0.2975567769990448
274,Random Forest Regressor,"(100, 10, 6, 1, 'sqrt')",38.095,1.2262622590005776,0.2931708460000664
275,Random Forest Regressor,"(100, 10, 6, 1, 'log2')",38.095,1.0094607830014866,0.2955084450004506
276,Random Forest Regressor,"(100, 10, 6, 3, 'auto')",42.857,7.853807321000204,0.2961582300013106
277,Random Forest Regressor,"(100, 10, 6, 3, 'sqrt')",33.333,1.226386034000825,0.29510900499917625
278,Random Forest Regressor,"(100, 10, 6, 3, 'log2')",38.095,1.018646392998562,0.29458451500067895
279,Random Forest Regressor,"(100, 10, 6, 5, 'auto')",42.857,7.7630619350002235,0.2925771150003129
280,Random Forest Regressor,"(100, 10, 6, 5, 'sqrt')",38.095,1.219709127999522,0.29149884700018447
281,Random Forest Regressor,"(100, 10, 6, 5, 'log2')",33.333,0.9947797349996108,0.2999032689986052
282,Random Forest Regressor,"(200, 10, 2, 1, 'auto')",47.619,15.904019370000242,0.4175235809998412
283,Random Forest Regressor,"(200, 10, 2, 1, 'sqrt')",33.333,2.4684616300000926,0.425499099001172
284,Random Forest Regressor,"(200, 10, 2, 1, 'log2')",33.333,2.048814764999406,0.42217256699950667
285,Random Forest Regressor,"(200, 10, 2, 3, 'auto')",42.857,16.110525334999693,0.4194335440006398
286,Random Forest Regressor,"(200, 10, 2, 3, 'sqrt')",33.333,2.4856055120017118,0.42721142200025497
287,Random Forest Regressor,"(200, 10, 2, 3, 'log2')",33.333,2.0333246320005856,0.5806283180008904
288,Random Forest Regressor,"(200, 10, 2, 5, 'auto')",47.619,15.903883167000458,0.4227569630002108
289,Random Forest Regressor,"(200, 10, 2, 5, 'sqrt')",38.095,2.4343375639982696,0.42336051699930977
290,Random Forest Regressor,"(200, 10, 2, 5, 'log2')",33.333,2.001638200999878,0.4239351070009434
291,Random Forest Regressor,"(200, 10, 4, 1, 'auto')",42.857,15.95617275800032,0.42217646800054354
292,Random Forest Regressor,"(200, 10, 4, 1, 'sqrt')",33.333,2.4913762629985285,0.420865498999774
293,Random Forest Regressor,"(200, 10, 4, 1, 'log2')",38.095,2.017627031000302,0.4201176619990292
294,Random Forest Regressor,"(200, 10, 4, 3, 'auto')",42.857,15.881996542000707,0.4217645930002618
295,Random Forest Regressor,"(200, 10, 4, 3, 'sqrt')",33.333,2.4675615670003026,0.42813256999943405
296,Random Forest Regressor,"(200, 10, 4, 3, 'log2')",33.333,2.0253170400010276,0.4212414030007494
297,Random Forest Regressor,"(200, 10, 4, 5, 'auto')",47.619,15.868332152000221,0.42611722400033614
298,Random Forest Regressor,"(200, 10, 4, 5, 'sqrt')",38.095,2.476620167000874,0.46340880900061165
299,Random Forest Regressor,"(200, 10, 4, 5, 'log2')",33.333,2.0566183869996166,0.42699699999866425
300,Random Forest Regressor,"(200, 10, 6, 1, 'auto')",47.619,15.997643979999339,0.42056793099982315
301,Random Forest Regressor,"(200, 10, 6, 1, 'sqrt')",33.333,2.484306665000986,0.418365156998334
302,Random Forest Regressor,"(200, 10, 6, 1, 'log2')",38.095,2.0252131140005076,0.42239782600154285
303,Random Forest Regressor,"(200, 10, 6, 3, 'auto')",42.857,15.968899219000377,0.4220376440007385
304,Random Forest Regressor,"(200, 10, 6, 3, 'sqrt')",33.333,2.4536692519995995,0.42515658199954487
305,Random Forest Regressor,"(200, 10, 6, 3, 'log2')",33.333,2.0210417790003703,0.4178467900001124
306,Random Forest Regressor,"(200, 10, 6, 5, 'auto')",47.619,15.789171198999611,0.4245565399996849
307,Random Forest Regressor,"(200, 10, 6, 5, 'sqrt')",38.095,2.4568171210012224,0.42063973999938753
308,Random Forest Regressor,"(200, 10, 6, 5, 'log2')",33.333,2.010807176999151,0.42425439299950085
309,Random Forest Regressor,"(300, 10, 2, 1, 'auto')",47.619,23.973710444999597,0.5534063539998897
310,Random Forest Regressor,"(300, 10, 2, 1, 'sqrt')",33.333,3.7059892379984376,0.5538142379991768
311,Random Forest Regressor,"(300, 10, 2, 1, 'log2')",33.333,3.0899562499998865,0.5970983459992567
312,Random Forest Regressor,"(300, 10, 2, 3, 'auto')",42.857,23.995242172999497,0.5520200580012897
313,Random Forest Regressor,"(300, 10, 2, 3, 'sqrt')",33.333,3.702789099999791,0.5492631050001364
314,Random Forest Regressor,"(300, 10, 2, 3, 'log2')",33.333,3.045321588000661,0.5454732010002772
315,Random Forest Regressor,"(300, 10, 2, 5, 'auto')",52.381,23.799965390999205,0.5536451160005527
316,Random Forest Regressor,"(300, 10, 2, 5, 'sqrt')",38.095,3.709923952999816,0.5564773119986057
317,Random Forest Regressor,"(300, 10, 2, 5, 'log2')",33.333,3.0196948979992158,0.5543473780016939
318,Random Forest Regressor,"(300, 10, 4, 1, 'auto')",42.857,23.96998307299873,0.5460642819998611
319,Random Forest Regressor,"(300, 10, 4, 1, 'sqrt')",33.333,3.754457723000087,0.5511626139996224
320,Random Forest Regressor,"(300, 10, 4, 1, 'log2')",38.095,3.0308840770012466,0.5455305239993322
321,Random Forest Regressor,"(300, 10, 4, 3, 'auto')",42.857,23.966143535999436,0.5612459280000621
322,Random Forest Regressor,"(300, 10, 4, 3, 'sqrt')",33.333,3.752883978000682,0.5471767079998244
323,Random Forest Regressor,"(300, 10, 4, 3, 'log2')",33.333,3.0397480450010335,0.5485258770004293
324,Random Forest Regressor,"(300, 10, 4, 5, 'auto')",52.381,23.801473383000484,0.5521578410007351
325,Random Forest Regressor,"(300, 10, 4, 5, 'sqrt')",38.095,3.689308644999983,0.5500412190012867
326,Random Forest Regressor,"(300, 10, 4, 5, 'log2')",33.333,3.027446633001091,0.5460235200007446
327,Random Forest Regressor,"(300, 10, 6, 1, 'auto')",42.857,24.038372110000637,0.5533980169984716
328,Random Forest Regressor,"(300, 10, 6, 1, 'sqrt')",33.333,3.7309741340013716,0.5479419780003809
329,Random Forest Regressor,"(300, 10, 6, 1, 'log2')",38.095,3.0721632359982323,0.5488273219998518
330,Random Forest Regressor,"(300, 10, 6, 3, 'auto')",42.857,23.86730460599938,0.5530071310004132
331,Random Forest Regressor,"(300, 10, 6, 3, 'sqrt')",33.333,3.700431302000652,0.5474953670000104
332,Random Forest Regressor,"(300, 10, 6, 3, 'log2')",33.333,3.046173065000403,0.5516894119991775
333,Random Forest Regressor,"(300, 10, 6, 5, 'auto')",52.381,23.71299161800016,0.5506653360007476
334,Random Forest Regressor,"(300, 10, 6, 5, 'sqrt')",38.095,3.706145258000106,0.5453457800012984
335,Random Forest Regressor,"(300, 10, 6, 5, 'log2')",33.333,2.9969542500002717,0.5488875119990553
336,Stacking Regressor (RF),"(100, 10)",38.095,2.767713690000164,0.3258749130000069
337,Stacking Regressor (RF),"(200, 10)",38.095,4.979736007000611,0.45296192199930374
338,Stacking Regressor (RF),"(300, 10)",38.095,7.282366628000091,0.5802891080002155
339,Neural Network - MLP Regressor,"((80, 20, 40, 5), 'identity', 'lbfgs', 0.0001)",38.095,1.6496367949985142,0.1778099179991841
340,Neural Network - MLP Regressor,"((80, 20, 40, 5), 'identity', 'lbfgs', 0.00035938136638046257)",38.095,1.2735310999996727,0.1779520500003855
341,Neural Network - MLP Regressor,"((80, 20, 40, 5), 'identity', 'lbfgs', 0.001291549665014884)",38.095,1.6338113830006478,0.1814879639987339
342,Neural Network - MLP Regressor,"((80, 20, 40, 5), 'identity', 'lbfgs', 0.004641588833612782)",38.095,1.3214450139985274,0.18396053899959952
343,Neural Network - MLP Regressor,"((80, 20, 40, 5), 'identity', 'lbfgs', 0.016681005372000592)",38.095,1.682215022001401,0.18074957400131098
344,Neural Network - MLP Regressor,"((80, 20, 40, 5), 'identity', 'lbfgs', 0.05994842503189409)",38.095,1.3403060700002243,0.18139840600088064
345,Neural Network - MLP Regressor,"((80, 20, 40, 5), 'identity', 'lbfgs', 0.21544346900318845)",38.095,1.1519923769992602,0.1840573419995053
346,Neural Network - MLP Regressor,"((80, 20, 40, 5), 'identity', 'lbfgs', 0.7742636826811278)",38.095,4.026987929000825,0.18605442800071614
347,Neural Network - MLP Regressor,"((80, 20, 40, 5), 'identity', 'lbfgs', 2.782559402207126)",38.095,7.484839886999907,0.18360290199962037
348,Neural Network - MLP Regressor,"((80, 20, 40, 5), 'identity', 'lbfgs', 10.0)",38.095,5.03147458499916,0.19588448200011044
349,Neural Network - MLP Regressor,"((80, 20, 40, 5), 'identity', 'sgd', 0.0001)",38.095,2.6616801809996105,0.1933599870008038
350,Neural Network - MLP Regressor,"((80, 20, 40, 5), 'identity', 'sgd', 0.00035938136638046257)",38.095,2.622080251998341,0.20156118500017328
351,Neural Network - MLP Regressor,"((80, 20, 40, 5), 'identity', 'sgd', 0.001291549665014884)",38.095,2.6300839689993154,0.18778226199901837
352,Neural Network - MLP Regressor,"((80, 20, 40, 5), 'identity', 'sgd', 0.004641588833612782)",38.095,2.594580633998703,0.18489065100038715
353,Neural Network - MLP Regressor,"((80, 20, 40, 5), 'identity', 'sgd', 0.016681005372000592)",38.095,2.606448591001026,0.18821311200008495
354,Neural Network - MLP Regressor,"((80, 20, 40, 5), 'identity', 'sgd', 0.05994842503189409)",38.095,2.810563203998754,0.18707870300022478
355,Neural Network - MLP Regressor,"((80, 20, 40, 5), 'identity', 'sgd', 0.21544346900318845)",38.095,29.6285101579997,0.1963595359993633
356,Neural Network - MLP Regressor,"((80, 20, 40, 5), 'identity', 'sgd', 0.7742636826811278)",38.095,37.62094559400066,0.18559325800015358
357,Neural Network - MLP Regressor,"((80, 20, 40, 5), 'identity', 'sgd', 2.782559402207126)",38.095,19.265190676998827,0.18540119600038452
358,Neural Network - MLP Regressor,"((80, 20, 40, 5), 'identity', 'sgd', 10.0)",4.762,8.590920833999917,0.1946954769991862
359,Neural Network - MLP Regressor,"((80, 20, 40, 5), 'identity', 'adam', 0.0001)",38.095,1.5604092930007027,0.18844130300021789
360,Neural Network - MLP Regressor,"((80, 20, 40, 5), 'identity', 'adam', 0.00035938136638046257)",38.095,1.5838897930007079,0.1861423409991403
361,Neural Network - MLP Regressor,"((80, 20, 40, 5), 'identity', 'adam', 0.001291549665014884)",38.095,1.630203459000768,0.20568891599941708
362,Neural Network - MLP Regressor,"((80, 20, 40, 5), 'identity', 'adam', 0.004641588833612782)",38.095,3.150195877000442,0.20300484099971072
363,Neural Network - MLP Regressor,"((80, 20, 40, 5), 'identity', 'adam', 0.016681005372000592)",38.095,4.001580743000886,0.19005620499956422
364,Neural Network - MLP Regressor,"((80, 20, 40, 5), 'identity', 'adam', 0.05994842503189409)",38.095,4.132086277999406,0.19515557100021397
365,Neural Network - MLP Regressor,"((80, 20, 40, 5), 'identity', 'adam', 0.21544346900318845)",38.095,3.074568571000782,0.19070399799966253
366,Neural Network - MLP Regressor,"((80, 20, 40, 5), 'identity', 'adam', 0.7742636826811278)",4.762,3.1350657300008606,0.1869931750006799
367,Neural Network - MLP Regressor,"((80, 20, 40, 5), 'identity', 'adam', 2.782559402207126)",4.762,2.723080076999395,0.19308171800003038
368,Neural Network - MLP Regressor,"((80, 20, 40, 5), 'identity', 'adam', 10.0)",9.524,2.4676141280015145,0.1940646540006128
369,Neural Network - MLP Regressor,"((80, 20, 40, 5), 'relu', 'lbfgs', 0.0001)",42.857,25.32384580500002,0.20491291500002262
370,Neural Network - MLP Regressor,"((80, 20, 40, 5), 'relu', 'lbfgs', 0.00035938136638046257)",38.095,23.29478196999844,0.19842520999918634
371,Neural Network - MLP Regressor,"((80, 20, 40, 5), 'relu', 'lbfgs', 0.001291549665014884)",52.381,24.771648287000062,0.20314869599860685
372,Neural Network - MLP Regressor,"((80, 20, 40, 5), 'relu', 'lbfgs', 0.004641588833612782)",38.095,23.78773312300109,0.19683296400035033
373,Neural Network - MLP Regressor,"((80, 20, 40, 5), 'relu', 'lbfgs', 0.016681005372000592)",33.333,23.89309574300023,0.20855534899965278
374,Neural Network - MLP Regressor,"((80, 20, 40, 5), 'relu', 'lbfgs', 0.05994842503189409)",42.857,23.384030053999595,0.20612802000141528
375,Neural Network - MLP Regressor,"((80, 20, 40, 5), 'relu', 'lbfgs', 0.21544346900318845)",33.333,24.093837304999397,0.23653517300044768
376,Neural Network - MLP Regressor,"((80, 20, 40, 5), 'relu', 'lbfgs', 0.7742636826811278)",38.095,23.636251293000896,0.19650402899969777
377,Neural Network - MLP Regressor,"((80, 20, 40, 5), 'relu', 'lbfgs', 2.782559402207126)",42.857,23.834587408000516,0.19706314799987013
378,Neural Network - MLP Regressor,"((80, 20, 40, 5), 'relu', 'lbfgs', 10.0)",33.333,21.834051252999416,0.2039354700009426
379,Neural Network - MLP Regressor,"((80, 20, 40, 5), 'relu', 'sgd', 0.0001)",9.524,2.279588497000077,0.1924647810010356
380,Neural Network - MLP Regressor,"((80, 20, 40, 5), 'relu', 'sgd', 0.00035938136638046257)",9.524,2.0650865730003716,0.18659264500092831
381,Neural Network - MLP Regressor,"((80, 20, 40, 5), 'relu', 'sgd', 0.001291549665014884)",9.524,2.111527158998797,0.19050511400018877
382,Neural Network - MLP Regressor,"((80, 20, 40, 5), 'relu', 'sgd', 0.004641588833612782)",9.524,2.08860633400036,0.18754623200038623
383,Neural Network - MLP Regressor,"((80, 20, 40, 5), 'relu', 'sgd', 0.016681005372000592)",9.524,2.124256515000525,0.1958175099989603
384,Neural Network - MLP Regressor,"((80, 20, 40, 5), 'relu', 'sgd', 0.05994842503189409)",14.286,2.3335307689994806,0.19383625400041637
385,Neural Network - MLP Regressor,"((80, 20, 40, 5), 'relu', 'sgd', 0.21544346900318845)",38.095,39.55522099100017,0.1871702379994531
386,Neural Network - MLP Regressor,"((80, 20, 40, 5), 'relu', 'sgd', 0.7742636826811278)",38.095,48.89466295500097,0.19208850599898142
387,Neural Network - MLP Regressor,"((80, 20, 40, 5), 'relu', 'sgd', 2.782559402207126)",4.762,24.702879345999463,0.18838386599963997
388,Neural Network - MLP Regressor,"((80, 20, 40, 5), 'relu', 'sgd', 10.0)",4.762,10.612076557999899,0.18642454000109865
389,Neural Network - MLP Regressor,"((80, 20, 40, 5), 'relu', 'adam', 0.0001)",23.81,13.647356151001077,0.19336452599964105
390,Neural Network - MLP Regressor,"((80, 20, 40, 5), 'relu', 'adam', 0.00035938136638046257)",23.81,19.347744294998847,0.20220831000006
391,Neural Network - MLP Regressor,"((80, 20, 40, 5), 'relu', 'adam', 0.001291549665014884)",38.095,15.83766442399974,0.1989828360001411
392,Neural Network - MLP Regressor,"((80, 20, 40, 5), 'relu', 'adam', 0.004641588833612782)",47.619,16.595949463999204,0.19382168899937824
393,Neural Network - MLP Regressor,"((80, 20, 40, 5), 'relu', 'adam', 0.016681005372000592)",38.095,16.714216047001173,0.19546414599972195
394,Neural Network - MLP Regressor,"((80, 20, 40, 5), 'relu', 'adam', 0.05994842503189409)",33.333,4.333239333000165,0.19583939499898406
395,Neural Network - MLP Regressor,"((80, 20, 40, 5), 'relu', 'adam', 0.21544346900318845)",38.095,3.727152085000853,0.19102046099942527
396,Neural Network - MLP Regressor,"((80, 20, 40, 5), 'relu', 'adam', 0.7742636826811278)",4.762,4.050232387999131,0.19102861600003962
397,Neural Network - MLP Regressor,"((80, 20, 40, 5), 'relu', 'adam', 2.782559402207126)",14.286,3.2296929770000133,0.19710254999881727
398,Neural Network - MLP Regressor,"((80, 20, 40, 5), 'relu', 'adam', 10.0)",9.524,2.853867904001163,0.19687988899931952
399,Neural Network - MLP Regressor,"((80, 20, 40, 5), 'logistic', 'lbfgs', 0.0001)",4.762,0.2852101819989912,0.18717767799898866
400,Neural Network - MLP Regressor,"((80, 20, 40, 5), 'logistic', 'lbfgs', 0.00035938136638046257)",4.762,0.3098440190005931,0.19716890699965006
401,Neural Network - MLP Regressor,"((80, 20, 40, 5), 'logistic', 'lbfgs', 0.001291549665014884)",4.762,0.29198515600000974,0.18804443900080514
402,Neural Network - MLP Regressor,"((80, 20, 40, 5), 'logistic', 'lbfgs', 0.004641588833612782)",4.762,0.40318944699902204,0.19762041000103636
403,Neural Network - MLP Regressor,"((80, 20, 40, 5), 'logistic', 'lbfgs', 0.016681005372000592)",4.762,0.2847620110005664,0.18919033699967258
404,Neural Network - MLP Regressor,"((80, 20, 40, 5), 'logistic', 'lbfgs', 0.05994842503189409)",4.762,0.28338761099985277,0.1945715050005674
405,Neural Network - MLP Regressor,"((80, 20, 40, 5), 'logistic', 'lbfgs', 0.21544346900318845)",4.762,0.28737710600034916,0.19229535200065584
406,Neural Network - MLP Regressor,"((80, 20, 40, 5), 'logistic', 'lbfgs', 0.7742636826811278)",4.762,0.28479981800046517,0.19472985100037477
407,Neural Network - MLP Regressor,"((80, 20, 40, 5), 'logistic', 'lbfgs', 2.782559402207126)",4.762,0.29104061200087017,0.19724842899995565
408,Neural Network - MLP Regressor,"((80, 20, 40, 5), 'logistic', 'lbfgs', 10.0)",38.095,1.1030254239994974,0.20219073699990986
409,Neural Network - MLP Regressor,"((80, 20, 40, 5), 'logistic', 'sgd', 0.0001)",4.762,1.8435214059991267,0.19429222699909587
410,Neural Network - MLP Regressor,"((80, 20, 40, 5), 'logistic', 'sgd', 0.00035938136638046257)",4.762,1.8268485299995518,0.19209889900048438
411,Neural Network - MLP Regressor,"((80, 20, 40, 5), 'logistic', 'sgd', 0.001291549665014884)",4.762,1.8108606759997201,0.18696207299944945
412,Neural Network - MLP Regressor,"((80, 20, 40, 5), 'logistic', 'sgd', 0.004641588833612782)",4.762,1.803081263000422,0.1849127959994803
413,Neural Network - MLP Regressor,"((80, 20, 40, 5), 'logistic', 'sgd', 0.016681005372000592)",4.762,1.7916089669997746,0.18970353799886652
414,Neural Network - MLP Regressor,"((80, 20, 40, 5), 'logistic', 'sgd', 0.05994842503189409)",4.762,1.8149388270012423,0.1939826420002646
415,Neural Network - MLP Regressor,"((80, 20, 40, 5), 'logistic', 'sgd', 0.21544346900318845)",4.762,2.0132719119992544,0.1955603210008121
416,Neural Network - MLP Regressor,"((80, 20, 40, 5), 'logistic', 'sgd', 0.7742636826811278)",4.762,35.985184977000245,0.1944079770000826
417,Neural Network - MLP Regressor,"((80, 20, 40, 5), 'logistic', 'sgd', 2.782559402207126)",4.762,22.56506294600149,0.19393851899985748
418,Neural Network - MLP Regressor,"((80, 20, 40, 5), 'logistic', 'sgd', 10.0)",4.762,10.735122288999264,0.19689858499987167
419,Neural Network - MLP Regressor,"((80, 20, 40, 5), 'logistic', 'adam', 0.0001)",33.333,3.1501621970000997,0.1897108550001576
420,Neural Network - MLP Regressor,"((80, 20, 40, 5), 'logistic', 'adam', 0.00035938136638046257)",33.333,3.2507066969992593,0.19691344700004265
421,Neural Network - MLP Regressor,"((80, 20, 40, 5), 'logistic', 'adam', 0.001291549665014884)",33.333,3.176422544998786,0.19241103999956977
422,Neural Network - MLP Regressor,"((80, 20, 40, 5), 'logistic', 'adam', 0.004641588833612782)",38.095,2.157277555001201,0.19205979000071238
423,Neural Network - MLP Regressor,"((80, 20, 40, 5), 'logistic', 'adam', 0.016681005372000592)",38.095,2.141361632000553,0.2066345690000162
424,Neural Network - MLP Regressor,"((80, 20, 40, 5), 'logistic', 'adam', 0.05994842503189409)",38.095,2.3554904550001083,0.19510748999891803
425,Neural Network - MLP Regressor,"((80, 20, 40, 5), 'logistic', 'adam', 0.21544346900318845)",0.0,2.482382308000524,0.19349472500107368
426,Neural Network - MLP Regressor,"((80, 20, 40, 5), 'logistic', 'adam', 0.7742636826811278)",0.0,2.461829466999916,0.18801827199968102
427,Neural Network - MLP Regressor,"((80, 20, 40, 5), 'logistic', 'adam', 2.782559402207126)",4.762,2.8389670590004243,0.20148874900041847
428,Neural Network - MLP Regressor,"((80, 20, 40, 5), 'logistic', 'adam', 10.0)",4.762,2.7013166319993616,0.1911209370009601
429,Neural Network - MLP Regressor,"((75, 30, 50, 10, 3), 'identity', 'lbfgs', 0.0001)",38.095,1.987910309999279,0.23258948500006227
430,Neural Network - MLP Regressor,"((75, 30, 50, 10, 3), 'identity', 'lbfgs', 0.00035938136638046257)",38.095,2.5150152269998216,0.2170912750007119
431,Neural Network - MLP Regressor,"((75, 30, 50, 10, 3), 'identity', 'lbfgs', 0.001291549665014884)",38.095,2.5155556549998437,0.2115794540004572
432,Neural Network - MLP Regressor,"((75, 30, 50, 10, 3), 'identity', 'lbfgs', 0.004641588833612782)",38.095,2.1052700910004205,0.21025394200114533
433,Neural Network - MLP Regressor,"((75, 30, 50, 10, 3), 'identity', 'lbfgs', 0.016681005372000592)",38.095,2.1303939700010233,0.20697119300166378
434,Neural Network - MLP Regressor,"((75, 30, 50, 10, 3), 'identity', 'lbfgs', 0.05994842503189409)",38.095,1.949044672999662,0.21304661099929945
435,Neural Network - MLP Regressor,"((75, 30, 50, 10, 3), 'identity', 'lbfgs', 0.21544346900318845)",38.095,1.9090051420007512,0.20123819799846387
436,Neural Network - MLP Regressor,"((75, 30, 50, 10, 3), 'identity', 'lbfgs', 0.7742636826811278)",38.095,3.4665597210005217,0.20252120399891282
437,Neural Network - MLP Regressor,"((75, 30, 50, 10, 3), 'identity', 'lbfgs', 2.782559402207126)",38.095,8.77761173699946,0.20774461399923894
438,Neural Network - MLP Regressor,"((75, 30, 50, 10, 3), 'identity', 'lbfgs', 10.0)",38.095,3.6145455130008486,0.20519218899971747
439,Neural Network - MLP Regressor,"((75, 30, 50, 10, 3), 'identity', 'sgd', 0.0001)",38.095,2.8855417289996694,0.2035595999986981
440,Neural Network - MLP Regressor,"((75, 30, 50, 10, 3), 'identity', 'sgd', 0.00035938136638046257)",38.095,2.7142832439985796,0.192079771999488
441,Neural Network - MLP Regressor,"((75, 30, 50, 10, 3), 'identity', 'sgd', 0.001291549665014884)",38.095,2.6537790009988385,0.1934890810007346
442,Neural Network - MLP Regressor,"((75, 30, 50, 10, 3), 'identity', 'sgd', 0.004641588833612782)",38.095,2.728060141000242,0.1973046350012737
443,Neural Network - MLP Regressor,"((75, 30, 50, 10, 3), 'identity', 'sgd', 0.016681005372000592)",38.095,2.7244387450009526,0.19229094600086682
444,Neural Network - MLP Regressor,"((75, 30, 50, 10, 3), 'identity', 'sgd', 0.05994842503189409)",38.095,2.7940587990015047,0.18824541799949657
445,Neural Network - MLP Regressor,"((75, 30, 50, 10, 3), 'identity', 'sgd', 0.21544346900318845)",38.095,43.92474057999971,0.19296388300062972
446,Neural Network - MLP Regressor,"((75, 30, 50, 10, 3), 'identity', 'sgd', 0.7742636826811278)",38.095,47.363736387000245,0.18545445000017935
447,Neural Network - MLP Regressor,"((75, 30, 50, 10, 3), 'identity', 'sgd', 2.782559402207126)",38.095,23.370051910998882,0.19523388600100589
448,Neural Network - MLP Regressor,"((75, 30, 50, 10, 3), 'identity', 'sgd', 10.0)",61.905,10.226831678000963,0.2000224610001169
449,Neural Network - MLP Regressor,"((75, 30, 50, 10, 3), 'identity', 'adam', 0.0001)",38.095,2.2423856620007427,0.19179210400034208
450,Neural Network - MLP Regressor,"((75, 30, 50, 10, 3), 'identity', 'adam', 0.00035938136638046257)",38.095,2.116026329998931,0.1958079819996783
451,Neural Network - MLP Regressor,"((75, 30, 50, 10, 3), 'identity', 'adam', 0.001291549665014884)",38.095,2.163530152000021,0.20669321999957901
452,Neural Network - MLP Regressor,"((75, 30, 50, 10, 3), 'identity', 'adam', 0.004641588833612782)",38.095,3.4660496010001225,0.20040910799980338
453,Neural Network - MLP Regressor,"((75, 30, 50, 10, 3), 'identity', 'adam', 0.016681005372000592)",38.095,5.744288460999087,0.19248100599907048
454,Neural Network - MLP Regressor,"((75, 30, 50, 10, 3), 'identity', 'adam', 0.05994842503189409)",38.095,5.806168078001065,0.19363067599988426
455,Neural Network - MLP Regressor,"((75, 30, 50, 10, 3), 'identity', 'adam', 0.21544346900318845)",38.095,4.178417942999658,0.19172776199957298
456,Neural Network - MLP Regressor,"((75, 30, 50, 10, 3), 'identity', 'adam', 0.7742636826811278)",0.0,4.5557990560009785,0.1951053860011598
457,Neural Network - MLP Regressor,"((75, 30, 50, 10, 3), 'identity', 'adam', 2.782559402207126)",4.762,4.615589109998837,0.1924317550001433
458,Neural Network - MLP Regressor,"((75, 30, 50, 10, 3), 'identity', 'adam', 10.0)",9.524,4.2063645889993495,0.19053377999989607
459,Neural Network - MLP Regressor,"((75, 30, 50, 10, 3), 'relu', 'lbfgs', 0.0001)",33.333,29.089626931998282,0.22573956300038844
460,Neural Network - MLP Regressor,"((75, 30, 50, 10, 3), 'relu', 'lbfgs', 0.00035938136638046257)",33.333,29.65521198299939,0.20444864700039034
461,Neural Network - MLP Regressor,"((75, 30, 50, 10, 3), 'relu', 'lbfgs', 0.001291549665014884)",38.095,29.116625204998854,0.19275605300026655
462,Neural Network - MLP Regressor,"((75, 30, 50, 10, 3), 'relu', 'lbfgs', 0.004641588833612782)",38.095,28.52807543900053,0.2061433050002961
463,Neural Network - MLP Regressor,"((75, 30, 50, 10, 3), 'relu', 'lbfgs', 0.016681005372000592)",38.095,30.64775708599882,0.19869545099936659
464,Neural Network - MLP Regressor,"((75, 30, 50, 10, 3), 'relu', 'lbfgs', 0.05994842503189409)",33.333,29.330593131999194,0.2056757390000712
465,Neural Network - MLP Regressor,"((75, 30, 50, 10, 3), 'relu', 'lbfgs', 0.21544346900318845)",38.095,29.636088663999544,0.20235497700014093
466,Neural Network - MLP Regressor,"((75, 30, 50, 10, 3), 'relu', 'lbfgs', 0.7742636826811278)",33.333,28.357847749999564,0.21253911799976777
467,Neural Network - MLP Regressor,"((75, 30, 50, 10, 3), 'relu', 'lbfgs', 2.782559402207126)",38.095,29.277324304999638,0.20674180700007128
468,Neural Network - MLP Regressor,"((75, 30, 50, 10, 3), 'relu', 'lbfgs', 10.0)",33.333,17.297719333000714,0.20206143200084625
469,Neural Network - MLP Regressor,"((75, 30, 50, 10, 3), 'relu', 'sgd', 0.0001)",38.095,3.3397567279989744,0.19736170699979994
470,Neural Network - MLP Regressor,"((75, 30, 50, 10, 3), 'relu', 'sgd', 0.00035938136638046257)",38.095,3.1954747899999347,0.1887430279984983
471,Neural Network - MLP Regressor,"((75, 30, 50, 10, 3), 'relu', 'sgd', 0.001291549665014884)",38.095,3.198570473001382,0.20195491000049515
472,Neural Network - MLP Regressor,"((75, 30, 50, 10, 3), 'relu', 'sgd', 0.004641588833612782)",38.095,3.2556636030003574,0.2023426070009009
473,Neural Network - MLP Regressor,"((75, 30, 50, 10, 3), 'relu', 'sgd', 0.016681005372000592)",38.095,3.375293902001431,0.1946333029991365
474,Neural Network - MLP Regressor,"((75, 30, 50, 10, 3), 'relu', 'sgd', 0.05994842503189409)",33.333,3.5042245619988535,0.18554745300025388
475,Neural Network - MLP Regressor,"((75, 30, 50, 10, 3), 'relu', 'sgd', 0.21544346900318845)",38.095,57.35043246600071,0.19503320900003018
476,Neural Network - MLP Regressor,"((75, 30, 50, 10, 3), 'relu', 'sgd', 0.7742636826811278)",38.095,60.177318248999654,0.19371320699974603
477,Neural Network - MLP Regressor,"((75, 30, 50, 10, 3), 'relu', 'sgd', 2.782559402207126)",33.333,30.246142883001085,0.2000767179997638
478,Neural Network - MLP Regressor,"((75, 30, 50, 10, 3), 'relu', 'sgd', 10.0)",23.81,12.73044339399894,0.19348507799986692
479,Neural Network - MLP Regressor,"((75, 30, 50, 10, 3), 'relu', 'adam', 0.0001)",38.095,21.423057168000014,0.19529887399949075
480,Neural Network - MLP Regressor,"((75, 30, 50, 10, 3), 'relu', 'adam', 0.00035938136638046257)",38.095,16.048471775000507,0.19870385200010787
481,Neural Network - MLP Regressor,"((75, 30, 50, 10, 3), 'relu', 'adam', 0.001291549665014884)",28.571,16.38748774600026,0.20328625900037878
482,Neural Network - MLP Regressor,"((75, 30, 50, 10, 3), 'relu', 'adam', 0.004641588833612782)",33.333,18.129670124999393,0.20285987199895317
483,Neural Network - MLP Regressor,"((75, 30, 50, 10, 3), 'relu', 'adam', 0.016681005372000592)",33.333,27.06926973500049,0.19593551400066644
484,Neural Network - MLP Regressor,"((75, 30, 50, 10, 3), 'relu', 'adam', 0.05994842503189409)",42.857,13.318872204999934,0.1949255670006096
485,Neural Network - MLP Regressor,"((75, 30, 50, 10, 3), 'relu', 'adam', 0.21544346900318845)",38.095,5.923089799998706,0.19190205299855734
486,Neural Network - MLP Regressor,"((75, 30, 50, 10, 3), 'relu', 'adam', 0.7742636826811278)",38.095,6.486411653999312,0.1943105589998595
487,Neural Network - MLP Regressor,"((75, 30, 50, 10, 3), 'relu', 'adam', 2.782559402207126)",4.762,7.031158883999524,0.19570660799945472
488,Neural Network - MLP Regressor,"((75, 30, 50, 10, 3), 'relu', 'adam', 10.0)",4.762,5.552909056999852,0.19555342999956338
489,Neural Network - MLP Regressor,"((75, 30, 50, 10, 3), 'logistic', 'lbfgs', 0.0001)",42.857,0.3388593960007711,0.19604806600000302
490,Neural Network - MLP Regressor,"((75, 30, 50, 10, 3), 'logistic', 'lbfgs', 0.00035938136638046257)",42.857,0.32847389900052804,0.18910447700000077
491,Neural Network - MLP Regressor,"((75, 30, 50, 10, 3), 'logistic', 'lbfgs', 0.001291549665014884)",42.857,0.32930774700071197,0.1964830119995895
492,Neural Network - MLP Regressor,"((75, 30, 50, 10, 3), 'logistic', 'lbfgs', 0.004641588833612782)",42.857,0.3272365709999576,0.19305775499924493
493,Neural Network - MLP Regressor,"((75, 30, 50, 10, 3), 'logistic', 'lbfgs', 0.016681005372000592)",42.857,0.33671326200055773,0.198598970000603
494,Neural Network - MLP Regressor,"((75, 30, 50, 10, 3), 'logistic', 'lbfgs', 0.05994842503189409)",42.857,0.3437554669999372,0.194764371999554
495,Neural Network - MLP Regressor,"((75, 30, 50, 10, 3), 'logistic', 'lbfgs', 0.21544346900318845)",42.857,0.4666960979993746,0.19661990199892898
496,Neural Network - MLP Regressor,"((75, 30, 50, 10, 3), 'logistic', 'lbfgs', 0.7742636826811278)",42.857,0.33807616800004325,0.19564913199974399
497,Neural Network - MLP Regressor,"((75, 30, 50, 10, 3), 'logistic', 'lbfgs', 2.782559402207126)",42.857,0.3420372620003036,0.19506299200111243
498,Neural Network - MLP Regressor,"((75, 30, 50, 10, 3), 'logistic', 'lbfgs', 10.0)",9.524,1.590359243000421,0.20039824500054237
499,Neural Network - MLP Regressor,"((75, 30, 50, 10, 3), 'logistic', 'sgd', 0.0001)",42.857,2.2422272349995183,0.1920064080004522
500,Neural Network - MLP Regressor,"((75, 30, 50, 10, 3), 'logistic', 'sgd', 0.00035938136638046257)",42.857,2.2730715590005275,0.19394857099905494
501,Neural Network - MLP Regressor,"((75, 30, 50, 10, 3), 'logistic', 'sgd', 0.001291549665014884)",42.857,2.2939850829989155,0.20183055000052263
502,Neural Network - MLP Regressor,"((75, 30, 50, 10, 3), 'logistic', 'sgd', 0.004641588833612782)",42.857,2.3053668930006097,0.19207746099891665
503,Neural Network - MLP Regressor,"((75, 30, 50, 10, 3), 'logistic', 'sgd', 0.016681005372000592)",42.857,2.2453434390008624,0.18912954199913656
504,Neural Network - MLP Regressor,"((75, 30, 50, 10, 3), 'logistic', 'sgd', 0.05994842503189409)",42.857,2.2741219809995528,0.194092883999474
505,Neural Network - MLP Regressor,"((75, 30, 50, 10, 3), 'logistic', 'sgd', 0.21544346900318845)",42.857,2.5228571240004385,0.19783669599928544
506,Neural Network - MLP Regressor,"((75, 30, 50, 10, 3), 'logistic', 'sgd', 0.7742636826811278)",28.571,45.791433137999775,0.19033521100027428
507,Neural Network - MLP Regressor,"((75, 30, 50, 10, 3), 'logistic', 'sgd', 2.782559402207126)",9.524,27.380187781998757,0.19173813500128745
508,Neural Network - MLP Regressor,"((75, 30, 50, 10, 3), 'logistic', 'sgd', 10.0)",0.0,12.65342323799996,0.18994523100082006
509,Neural Network - MLP Regressor,"((75, 30, 50, 10, 3), 'logistic', 'adam', 0.0001)",33.333,4.9662404539994895,0.1922197479998431
510,Neural Network - MLP Regressor,"((75, 30, 50, 10, 3), 'logistic', 'adam', 0.00035938136638046257)",33.333,4.755749678999564,0.191710613999021
511,Neural Network - MLP Regressor,"((75, 30, 50, 10, 3), 'logistic', 'adam', 0.001291549665014884)",38.095,2.51521822200084,0.20179178999933356
512,Neural Network - MLP Regressor,"((75, 30, 50, 10, 3), 'logistic', 'adam', 0.004641588833612782)",38.095,2.5129244170002494,0.19660573399960413
513,Neural Network - MLP Regressor,"((75, 30, 50, 10, 3), 'logistic', 'adam', 0.016681005372000592)",38.095,2.675131881998823,0.19745376299943018
514,Neural Network - MLP Regressor,"((75, 30, 50, 10, 3), 'logistic', 'adam', 0.05994842503189409)",0.0,2.8931493569998565,0.19918491300086316
515,Neural Network - MLP Regressor,"((75, 30, 50, 10, 3), 'logistic', 'adam', 0.21544346900318845)",4.762,3.605734773000222,0.19132733399965218
516,Neural Network - MLP Regressor,"((75, 30, 50, 10, 3), 'logistic', 'adam', 0.7742636826811278)",4.762,4.389698271999805,0.19776504400033446
517,Neural Network - MLP Regressor,"((75, 30, 50, 10, 3), 'logistic', 'adam', 2.782559402207126)",0.0,5.892417838998881,0.1950980800011166
518,Neural Network - MLP Regressor,"((75, 30, 50, 10, 3), 'logistic', 'adam', 10.0)",0.0,5.196141522001199,0.19463538699892524
